codon	amino_acid	site	occupancy	occupancy_sd	positions	libraries
AAA	K	a	1.6603381520495786	0.04454827355219298	92423	3
AAC	N	a	1.0694402216600036	0.04757831129889008	54643	3
AAG	K	a	1.0766222218386203	0.018699327895982075	121186	3
AAT	N	a	0.848796483926893	0.03716631119878513	55632	3
ACA	T	a	0.8649833242112038	0.03252292888290839	43292	3
ACC	T	a	0.7140329623085123	0.04482835334294502	51424	3
ACG	T	a	1.0106246486387553	0.03430860552104958	12810	3
ACT	T	a	0.8249129914420177	0.027287368368157643	44456	3
AGA	R	a	0.9255542056126359	0.024756383821499965	36985	3
AGC	S	a	0.7674994363591198	0.06594818749501051	38005	3
AGG	R	a	0.9306274178672546	0.075396061614323	27474	3
AGT	S	a	1.1216319326108486	0.06234632598672046	33662	3
ATA	I	a	2.124063097752435	0.10362026026342287	19699	3
ATC	I	a	1.020480485615848	0.06245899754651676	65094	3
ATG	M	a	0.7659795825212142	0.03660351895753396	63687	3
ATT	I	a	0.8132752650201991	0.05364633777066693	63578	3
CAA	Q	a	0.7834180146837064	0.018711552742115833	32974	3
CAC	H	a	1.434061095528742	0.06891371346562357	32250	3
CAG	Q	a	0.6887264170072517	0.0276185642695723	92605	3
CAT	H	a	1.1712987337720806	0.02315576034617809	29920	3
CCA	P	a	0.9347056520802072	0.06537031552267289	46262	3
CCC	P	a	0.6471827597944341	0.05264724008682764	43829	3
CCG	P	a	0.8685546353823118	0.050117003008137095	13166	3
CCT	P	a	0.8008679962577118	0.02410983335878614	50420	3
CGA	R	a	0.9407156841719074	0.16137625001159542	21826	3
CGC	R	a	0.6772168954574909	0.004911842575083751	29691	3
CGG	R	a	0.7987457835513684	0.062010243799606145	26339	3
CGT	R	a	0.704825347868142	0.015473700129388543	21387	3
CTA	L	a	1.0998534709904875	0.041672684012334385	19693	3
CTC	L	a	0.8474043399461161	0.050516387700120714	42300	3
CTG	L	a	0.8099635705918325	0.05290002819980977	89041	3
CTT	L	a	0.850109654676523	0.05675104459485018	43071	3
GAA	E	a	2.1618621371088294	0.1920697102019655	105788	3
GAC	D	a	1.9284980504468558	0.11578392472107846	68298	3
GAG	E	a	1.1167980574948508	0.04282028482202841	111461	3
GAT	D	a	1.2215256185353347	0.035789514251290185	86261	3
GCA	A	a	0.8787248714541299	0.011456181421677923	51671	3
GCC	A	a	0.8258696400837642	0.03762451177277053	75359	3
GCG	A	a	0.9303688092191932	0.043854445512502095	16115	3
GCT	A	a	0.7739161917921393	0.01351847235284196	71317	3
GGA	G	a	0.7448235052097623	0.03751802548265398	54512	3
GGC	G	a	0.6933698036856145	0.04024150095329364	63770	3
GGG	G	a	0.8556256280442027	0.05204509182892915	38133	3
GGT	G	a	0.7438129266420151	0.03543704927890667	46677	3
GTA	V	a	0.6593767145052635	0.01606347137773552	26297	3
GTC	V	a	0.811693237262998	0.040646200758128255	39843	3
GTG	V	a	0.6796299566666283	0.022338513415473864	76693	3
GTT	V	a	0.5759637155047809	0.009130077644087962	43876	3
TAC	Y	a	1.8166257671167092	0.12266037692837563	38376	3
TAT	Y	a	0.9171182811404495	0.008291762874425746	38929	3
TCA	S	a	0.9850879508239694	0.019853904912463527	30826	3
TCC	S	a	1.1972234622096336	0.04791234960365346	39880	3
TCG	S	a	1.1400460073468281	0.08055807541112797	9860	3
TCT	S	a	0.9643737174772697	0.03972699826536554	46328	3
TGC	C	a	0.5774599246788145	0.021192866190764995	21238	3
TGG	W	a	1.4684090392267544	0.04730020911591728	26311	3
TGT	C	a	0.687157422817111	0.04643398077894799	24167	3
TTA	L	a	1.1094334205437024	0.011515213155287597	23658	3
TTC	F	a	0.5615805946723157	0.01624260108394189	46136	3
TTG	L	a	1.208395232421509	0.029640134546749096	41080	3
TTT	F	a	0.6483745508911342	0.029798414380086083	52784	3
