dataset	sample	run_accession	cell_line	variant	treatment	replicate	assay	layout	read_count	fastq_1_url	fastq_1_md5	fastq_2_url	fastq_2_md5	adapter_3p	adapter_3p_2	adapter_overlap	cut_5p
calu6	calu6_untreated_rep1_riboseq	SRR10251308	Calu-6	TP53:p.Arg196Ter	untreated	1	riboseq	single	25365678	https://ftp.sra.ebi.ac.uk/vol1/fastq/SRR102/008/SRR10251308/SRR10251308.fastq.gz	572e1ab90b9589e4441ce31ca394bcff			CTGTAGGCACCATCAAT		5	0
calu6	calu6_g418_rep1_riboseq	SRR10251309	Calu-6	TP53:p.Arg196Ter	g418	1	riboseq	single	37498632	https://ftp.sra.ebi.ac.uk/vol1/fastq/SRR102/009/SRR10251309/SRR10251309.fastq.gz	d760c69503e9ee6d894d22b76d3dd830			CTGTAGGCACCATCAAT		5	0
calu6	calu6_untreated_rep1_rnaseq	SRR10251310	Calu-6	TP53:p.Arg196Ter	untreated	1	rnaseq	paired	21750004	https://ftp.sra.ebi.ac.uk/vol1/fastq/SRR102/010/SRR10251310/SRR10251310_1.fastq.gz	2e08a91b58319de37e8098f09ef2213d	https://ftp.sra.ebi.ac.uk/vol1/fastq/SRR102/010/SRR10251310/SRR10251310_2.fastq.gz	fe6324ea227444930a0e8d7d03a95e4f	AGATCGGAAGAGCACACGTCTGAACTCCAGTCAC	AGATCGGAAGAGCGTCGTGTAGGGAAAGAGTGTA	5	0
calu6	calu6_untreated_rep2_rnaseq	SRR10251311	Calu-6	TP53:p.Arg196Ter	untreated	2	rnaseq	paired	13637672	https://ftp.sra.ebi.ac.uk/vol1/fastq/SRR102/011/SRR10251311/SRR10251311_1.fastq.gz	6a86146ad13c47f375d0cfaec0f36271	https://ftp.sra.ebi.ac.uk/vol1/fastq/SRR102/011/SRR10251311/SRR10251311_2.fastq.gz	8d25a04016624720f17229a809bb1f41	AGATCGGAAGAGCACACGTCTGAACTCCAGTCAC	AGATCGGAAGAGCGTCGTGTAGGGAAAGAGTGTA	5	0
calu6	calu6_g418_rep1_rnaseq	SRR10251312	Calu-6	TP53:p.Arg196Ter	g418	1	rnaseq	paired	16298763	https://ftp.sra.ebi.ac.uk/vol1/fastq/SRR102/012/SRR10251312/SRR10251312_1.fastq.gz	1e395a9c16ceafd9a7a8684be577318a	https://ftp.sra.ebi.ac.uk/vol1/fastq/SRR102/012/SRR10251312/SRR10251312_2.fastq.gz	9b296f2040dc2387592303473c8a5749	AGATCGGAAGAGCACACGTCTGAACTCCAGTCAC	AGATCGGAAGAGCGTCGTGTAGGGAAAGAGTGTA	5	0
calu6	calu6_g418_rep2_rnaseq	SRR10251313	Calu-6	TP53:p.Arg196Ter	g418	2	rnaseq	paired	13763615	https://ftp.sra.ebi.ac.uk/vol1/fastq/SRR102/013/SRR10251313/SRR10251313_1.fastq.gz	b1e2825e57fdbe93b7415387c4c6ce20	https://ftp.sra.ebi.ac.uk/vol1/fastq/SRR102/013/SRR10251313/SRR10251313_2.fastq.gz	24c6bfc43af5a53a37a2091df3f36d03	AGATCGGAAGAGCACACGTCTGAACTCCAGTCAC	AGATCGGAAGAGCGTCGTGTAGGGAAAGAGTGTA	5	0
hek293t	hek293t_untreated_rep1_riboseq	SRR10251299	HEK293T		untreated	1	riboseq	single	37117745	https://ftp.sra.ebi.ac.uk/vol1/fastq/SRR102/099/SRR10251299/SRR10251299.fastq.gz	606f6b85b6d21ef58e43cc97d71e24df			NNNNNNCACTCGGGCACCAAGGAC		12	4
hek293t	hek293t_untreated_rep2_riboseq	SRR10251303	HEK293T		untreated	2	riboseq	single	23174952	https://ftp.sra.ebi.ac.uk/vol1/fastq/SRR102/003/SRR10251303/SRR10251303.fastq.gz	312a08f485e7f19268226fbc905a50fa			CTGTAGGCACCATCAAT		5	0
hek293t	hek293t_untreated_rep3_riboseq	SRR10251306	HEK293T		untreated	3	riboseq	single	30664978	https://ftp.sra.ebi.ac.uk/vol1/fastq/SRR102/006/SRR10251306/SRR10251306.fastq.gz	644f92f053a1f2f5663090e5bc88c9be			NNNNNNCACTCGGGCACCAAGGAC		12	4
hek293t	hek293t_g418_rep1_riboseq	SRR10251301	HEK293T		g418	1	riboseq	single	29718108	https://ftp.sra.ebi.ac.uk/vol1/fastq/SRR102/001/SRR10251301/SRR10251301.fastq.gz	1bb621324bf2b7c017c985dedc10bf64			NNNNNNCACTCGGGCACCAAGGAC		12	4
hek293t	hek293t_g418_rep2_riboseq	SRR10251305	HEK293T		g418	2	riboseq	single	25556655	https://ftp.sra.ebi.ac.uk/vol1/fastq/SRR102/005/SRR10251305/SRR10251305.fastq.gz	60026f513456ef254aaf2275e8415d5c			CTGTAGGCACCATCAAT		5	0
hek293t	hek293t_g418_rep3_riboseq	SRR10251307	HEK293T		g418	3	riboseq	single	32343188	https://ftp.sra.ebi.ac.uk/vol1/fastq/SRR102/007/SRR10251307/SRR10251307.fastq.gz	03f2f43bcab443354a5fbbd3b5eb47fa			NNNNNNCACTCGGGCACCAAGGAC		12	4
gse144140	gse144140_dmso_rep1_riboseq	SRR10957150	HEK293T		dmso	1	riboseq	single	131287878	https://ftp.sra.ebi.ac.uk/vol1/fastq/SRR109/050/SRR10957150/SRR10957150.fastq.gz	a885c637fd1402a1f1ea655007cf2d05			NNNNNNCACTCGGGCACCAAGGAC		12	4
gse144140	gse144140_dmso_rep2_riboseq	SRR10957151	HEK293T		dmso	2	riboseq	single	108517993	https://ftp.sra.ebi.ac.uk/vol1/fastq/SRR109/051/SRR10957151/SRR10957151.fastq.gz	662f724b3787082ecf117f53bfe4340f			NNNNNNCACTCGGGCACCAAGGAC		12	4
gse144140	gse144140_dmso_rep3_riboseq	SRR10957152	HEK293T		dmso	3	riboseq	single	106540199	https://ftp.sra.ebi.ac.uk/vol1/fastq/SRR109/052/SRR10957152/SRR10957152.fastq.gz	e108b60b9dddd5e435839ddfc274f367			NNNNNNCACTCGGGCACCAAGGAC		12	4
gse144140	gse144140_g418_rep1_riboseq	SRR10957153	HEK293T		g418	1	riboseq	single	102735378	https://ftp.sra.ebi.ac.uk/vol1/fastq/SRR109/053/SRR10957153/SRR10957153.fastq.gz	2bf530924867587215cfad9ef57f1530			NNNNNNCACTCGGGCACCAAGGAC		12	4
gse144140	gse144140_g418_rep2_riboseq	SRR10957154	HEK293T		g418	2	riboseq	single	121538872	https://ftp.sra.ebi.ac.uk/vol1/fastq/SRR109/054/SRR10957154/SRR10957154.fastq.gz	1142c24d64c106c9ad1446fdf95a4ab1			NNNNNNCACTCGGGCACCAAGGAC		12	4
gse144140	gse144140_g418_rep3_riboseq	SRR10957155	HEK293T		g418	3	riboseq	single	98956020	https://ftp.sra.ebi.ac.uk/vol1/fastq/SRR109/055/SRR10957155/SRR10957155.fastq.gz	757aeb4be15b2a1c384e1931074eafb7			NNNNNNCACTCGGGCACCAAGGAC		12	4
gse144140	gse144140_sri37240_rep1_riboseq	SRR10957156	HEK293T		sri37240	1	riboseq	single	107598567	https://ftp.sra.ebi.ac.uk/vol1/fastq/SRR109/056/SRR10957156/SRR10957156.fastq.gz	a5aa7463ff75d644d426a786ba63fd6c			NNNNNNCACTCGGGCACCAAGGAC		12	4
gse144140	gse144140_sri37240_rep2_riboseq	SRR10957157	HEK293T		sri37240	2	riboseq	single	97483674	https://ftp.sra.ebi.ac.uk/vol1/fastq/SRR109/057/SRR10957157/SRR10957157.fastq.gz	acb8e216e4984f06f98d7b3b573ca8f3			NNNNNNCACTCGGGCACCAAGGAC		12	4
gse144140	gse144140_sri37240_rep3_riboseq	SRR10957158	HEK293T		sri37240	3	riboseq	single	95821336	https://ftp.sra.ebi.ac.uk/vol1/fastq/SRR109/058/SRR10957158/SRR10957158.fastq.gz	531016446f7aad9c2164fd59f51d039d			NNNNNNCACTCGGGCACCAAGGAC		12	4
gse179274_fibroblast	fibroblast_untreated_rep1_riboseq	SRR15014897	IDUA-W402X	IDUA:p.Trp402Ter	untreated	1	riboseq	single	42200672	https://ftp.sra.ebi.ac.uk/vol1/fastq/SRR150/097/SRR15014897/SRR15014897.fastq.gz	a74512a06200edfd54fcd63d494e65ef			CTGTAGGCACCATCAAT		5	0
gse179274_fibroblast	fibroblast_untreated_rep2_riboseq	SRR15014898	IDUA-W402X	IDUA:p.Trp402Ter	untreated	2	riboseq	single	39951042	https://ftp.sra.ebi.ac.uk/vol1/fastq/SRR150/098/SRR15014898/SRR15014898.fastq.gz	b6d139cadc1975f9f1a85f7c05c788bd			CTGTAGGCACCATCAAT		5	0
gse179274_fibroblast	fibroblast_g418_0.1_rep1_riboseq	SRR15014899	IDUA-W402X	IDUA:p.Trp402Ter	g418_0.1	1	riboseq	single	46974721	https://ftp.sra.ebi.ac.uk/vol1/fastq/SRR150/099/SRR15014899/SRR15014899.fastq.gz	756cc4ab60dacebbd3662c3510cc0621			CTGTAGGCACCATCAAT		5	0
gse179274_fibroblast	fibroblast_g418_0.1_rep2_riboseq	SRR15014900	IDUA-W402X	IDUA:p.Trp402Ter	g418_0.1	2	riboseq	single	38457883	https://ftp.sra.ebi.ac.uk/vol1/fastq/SRR150/000/SRR15014900/SRR15014900.fastq.gz	1206a4390a293dd42ccc116f728d9a09			CTGTAGGCACCATCAAT		5	0
gse179274_fibroblast	fibroblast_g418_0.5_rep1_riboseq	SRR15014901	IDUA-W402X	IDUA:p.Trp402Ter	g418_0.5	1	riboseq	single	33323040	https://ftp.sra.ebi.ac.uk/vol1/fastq/SRR150/001/SRR15014901/SRR15014901.fastq.gz	f17c3c96e4d798aaeff85a2888fe409b			CTGTAGGCACCATCAAT		5	0
gse179274_fibroblast	fibroblast_g418_0.5_rep2_riboseq	SRR15014902	IDUA-W402X	IDUA:p.Trp402Ter	g418_0.5	2	riboseq	single	38130765	https://ftp.sra.ebi.ac.uk/vol1/fastq/SRR150/002/SRR15014902/SRR15014902.fastq.gz	8022a3bee27b6e53ca67a66a6e63615d			CTGTAGGCACCATCAAT		5	0
gse179274_fibroblast	fibroblast_egfp_rep1_riboseq	SRR15014903	IDUA-W402X	IDUA:p.Trp402Ter	egfp	1	riboseq	single	43703327	https://ftp.sra.ebi.ac.uk/vol1/fastq/SRR150/003/SRR15014903/SRR15014903.fastq.gz	1d77e3998725491a6e7e94d50e161525			CTGTAGGCACCATCAAT		5	0
gse179274_fibroblast	fibroblast_egfp_rep2_riboseq	SRR15014904	IDUA-W402X	IDUA:p.Trp402Ter	egfp	2	riboseq	single	32825114	https://ftp.sra.ebi.ac.uk/vol1/fastq/SRR150/004/SRR15014904/SRR15014904.fastq.gz	00210097668c9e77df707394d248c854			CTGTAGGCACCATCAAT		5	0
gse179274_fibroblast	fibroblast_suptrna_tyr_rep1_riboseq	SRR15014905	IDUA-W402X	IDUA:p.Trp402Ter	suptrna_tyr	1	riboseq	single	45688962	https://ftp.sra.ebi.ac.uk/vol1/fastq/SRR150/005/SRR15014905/SRR15014905.fastq.gz	1088ac254d331b4cf978bf3dc0b72302			CTGTAGGCACCATCAAT		5	0
gse179274_fibroblast	fibroblast_suptrna_tyr_rep2_riboseq	SRR15014906	IDUA-W402X	IDUA:p.Trp402Ter	suptrna_tyr	2	riboseq	single	34124958	https://ftp.sra.ebi.ac.uk/vol1/fastq/SRR150/006/SRR15014906/SRR15014906.fastq.gz	111f4e22ec784b9bfc44dc375cff0dd4			CTGTAGGCACCATCAAT		5	0
